{"cameraMode":{"drawMode":0,"name":"Shaded","section":"Shading Mode"},"sceneLighting":true,"audioPlay":false,"sceneViewState":{"showFog":false,"showMaterialUpdate":false,"showSkybox":true,"showFlares":false,"showImageEffects":true,"showParticleSystems":true},"in2DMode":false,"pivot":{"x":95.78807830810547,"y":2.80767822265625,"z":179.17919921875},"rotation":{"x":0.10423748940229416,"y":-0.703265905380249,"z":0.10543247312307358,"w":0.6952953338623047},"size":236.80816650390626,"orthographic":false}